ano,mes,estacao,preco,preco_deflacionado,produto
2005,janeiro,verão,"0,4942","1,79",leite
2005,fevereiro,verão,"0,4855","1,75",leite
2005,março,verão,"0,5142","1,84",leite
2005,abril,outono,"0,5175","1,84",leite
2005,maio,outono,"0,5195","1,85",leite
2005,junho,outono,"0,4985","1,79",leite
2005,julho,inverno,"0,4398","1,58",leite
2005,agosto,inverno,"0,4071","1,48",leite
2005,setembro,inverno,"0,4099","1,49",leite
2005,outubro,primavera,"0,4118","1,49",leite
2005,novembro,primavera,"0,4086","1,47",leite
2005,dezembro,primavera,"0,3976","1,43",leite
2006,janeiro,verão,"0,3937","1,4",leite
2006,fevereiro,verão,"0,4068","1,45",leite
2006,março,verão,"0,4107","1,47",leite
2006,abril,outono,"0,4356","1,56",leite
2006,maio,outono,"0,426","1,52",leite
2006,junho,outono,"0,4037","1,43",leite
2006,julho,inverno,"0,3976","1,41",leite
2006,agosto,inverno,"0,3947","1,39",leite
2006,setembro,inverno,"0,3991","1,4",leite
2006,outubro,primavera,"0,4065","1,42",leite
2006,novembro,primavera,"0,4079","1,42",leite
2006,dezembro,primavera,"0,4117","1,43",leite
2007,janeiro,verão,"0,419","1,44",leite
2007,fevereiro,verão,"0,4239","1,46",leite
2007,março,verão,"0,4427","1,52",leite
2007,abril,outono,"0,4775","1,64",leite
2007,maio,outono,"0,517","1,77",leite
2007,junho,outono,"0,5943","2,03",leite
2007,julho,inverno,"0,671","2,28",leite
2007,agosto,inverno,"0,6928","2,32",leite
2007,setembro,inverno,"0,5675","1,88",leite
2007,outubro,primavera,"0,5492","1,81",leite
2007,novembro,primavera,"0,5581","1,82",leite
2007,dezembro,primavera,"0,5575","1,79",leite
2008,janeiro,verão,"0,5698","1,81",leite
2008,fevereiro,verão,"0,5859","1,85",leite
2008,março,verão,"0,6094","1,92",leite
2008,abril,outono,"0,6324","1,97",leite
2008,maio,outono,"0,6425","1,96",leite
2008,junho,outono,"0,6407","1,92",leite
2008,julho,inverno,"0,5897","1,75",leite
2008,agosto,inverno,"0,553","1,64",leite
2008,setembro,inverno,"0,5061","1,5",leite
2008,outubro,primavera,"0,5105","1,5",leite
2008,novembro,primavera,"0,5197","1,52",leite
2008,dezembro,primavera,"0,5513","1,62",leite
2009,janeiro,verão,"0,5512","1,62",leite
2009,fevereiro,verão,"0,5534","1,63",leite
2009,março,verão,"0,5457","1,62",leite
2009,abril,outono,"0,5857","1,74",leite
2009,maio,outono,"0,6295","1,86",leite
2009,junho,outono,"0,6696","1,99",leite
2009,julho,inverno,"0,6833","2,04",leite
2009,agosto,inverno,"0,6494","1,94",leite
2009,setembro,inverno,"0,6046","1,8",leite
2009,outubro,primavera,"0,5543","1,65",leite
2009,novembro,primavera,"0,5469","1,63",leite
2009,dezembro,primavera,"0,5417","1,62",leite
2010,janeiro,verão,"0,5487","1,62",leite
2010,fevereiro,verão,"0,6235","1,82",leite
2010,março,verão,"0,6878",2,leite
2010,abril,outono,"0,6918","1,99",leite
2010,maio,outono,"0,6511","1,85",leite
2010,junho,outono,"0,5919","1,67",leite
2010,julho,inverno,"0,573","1,62",leite
2010,agosto,inverno,"0,566","1,58",leite
2010,setembro,inverno,"0,5591","1,54",leite
2010,outubro,primavera,"0,5889","1,61",leite
2010,novembro,primavera,"0,606","1,63",leite
2010,dezembro,primavera,"0,6299","1,69",leite
2011,janeiro,verão,"0,6394","1,7",leite
2011,fevereiro,verão,"0,6577","1,73",leite
2011,março,verão,"0,7001","1,83",leite
2011,abril,outono,"0,743","1,93",leite
2011,maio,outono,"0,756","1,97",leite
2011,junho,outono,"0,7262","1,89",leite
2011,julho,inverno,"0,7222","1,88",leite
2011,agosto,inverno,"0,7486","1,94",leite
2011,setembro,inverno,"0,7513","1,93",leite
2011,outubro,primavera,"0,7108","1,82",leite
2011,novembro,primavera,"0,7315","1,86",leite
2011,dezembro,primavera,"0,7344","1,87",leite
2012,janeiro,verão,"0,7545","1,92",leite
2012,fevereiro,verão,"0,7689","1,96",leite
2012,março,verão,"0,7763","1,96",leite
2012,abril,outono,"0,7774","1,95",leite
2012,maio,outono,"0,7583","1,88",leite
2012,junho,outono,"0,7423","1,83",leite
2012,julho,inverno,"0,7334","1,78",leite
2012,agosto,inverno,"0,7391","1,77",leite
2012,setembro,inverno,"0,7457","1,77",leite
2012,outubro,primavera,"0,7548","1,8",leite
2012,novembro,primavera,"0,7511","1,79",leite
2012,dezembro,primavera,"0,7483","1,77",leite
2013,janeiro,verão,"0,76","1,79",leite
2013,fevereiro,verão,"0,7693","1,81",leite
2013,março,verão,"0,7931","1,86",leite
2013,abril,outono,"0,8251","1,93",leite
2013,maio,outono,"0,8456","1,98",leite
2013,junho,outono,"0,8824","2,05",leite
2013,julho,inverno,"0,933","2,16",leite
2013,agosto,inverno,"0,9643","2,22",leite
2013,setembro,inverno,"0,9639","2,19",leite
2013,outubro,primavera,"0,9476","2,14",leite
2013,novembro,primavera,"0,9158","2,06",leite
2013,dezembro,primavera,"0,8877","1,99",leite
2014,janeiro,verão,"0,8719","1,94",leite
2014,fevereiro,verão,"0,8861","1,96",leite
2014,março,verão,"0,9313","2,03",leite
2014,abril,outono,"0,9532","2,07",leite
2014,maio,outono,"0,9606","2,09",leite
2014,junho,outono,"0,9419","2,06",leite
2014,julho,inverno,"0,9271","2,04",leite
2014,agosto,inverno,"0,9227","2,03",leite
2014,setembro,inverno,"0,9056","1,99",leite
2014,outubro,primavera,"0,8791","1,92",leite
2014,novembro,primavera,"0,8657","1,87",leite
2014,dezembro,primavera,"0,8258","1,78",leite
2015,janeiro,verão,"0,8086","1,73",leite
2015,fevereiro,verão,"0,8118","1,73",leite
2015,março,verão,"0,8294","1,75",leite
2015,abril,outono,"0,863","1,8",leite
2015,maio,outono,"0,8787","1,83",leite
2015,junho,outono,"0,8874","1,83",leite
2015,julho,inverno,"0,8903","1,83",leite
2015,agosto,inverno,"0,8811","1,8",leite
2015,setembro,inverno,"0,8933","1,8",leite
2015,outubro,primavera,"0,8867","1,76",leite
2015,novembro,primavera,"0,8955","1,75",leite
2015,dezembro,primavera,"0,9175","1,79",leite
2016,janeiro,verão,"0,9543","1,83",leite
2016,fevereiro,verão,"0,9888","1,88",leite
2016,março,verão,"1,0341","1,96",leite
2016,abril,outono,"1,0815","2,04",leite
2016,maio,outono,"1,1301","2,11",leite
2016,junho,outono,"1,2896","2,37",leite
2016,julho,inverno,"1,5315","2,82",leite
2016,agosto,inverno,"1,4905","2,74",leite
2016,setembro,inverno,"1,3777","2,53",leite
2016,outubro,primavera,"1,235","2,26",leite
2016,novembro,primavera,"1,1988","2,2",leite
2016,dezembro,primavera,"1,1836","2,15",leite
2017,janeiro,verão,"1,2197","2,21",leite
2017,fevereiro,verão,"1,2406","2,24",leite
2017,março,verão,"1,2452","2,26",leite
2017,abril,outono,"1,2697","2,33",leite
2017,maio,outono,"1,2497","2,31",leite
2017,junho,outono,"1,2111","2,26",leite
2017,julho,inverno,"1,1274","2,11",leite
2017,agosto,inverno,"1,058","1,97",leite
2017,setembro,inverno,"0,9511","1,76",leite
2017,outubro,primavera,"0,9494","1,76",leite
2017,novembro,primavera,"0,953","1,75",leite
2017,dezembro,primavera,"0,9486","1,73",leite
2018,janeiro,verão,"0,9771","1,77",leite
2018,fevereiro,verão,"0,9823","1,78",leite
2018,março,verão,"1,0817","1,95",leite
2018,abril,outono,"1,1936","2,13",leite
2018,maio,outono,"1,2072","2,12",leite
2018,junho,outono,"1,4064","2,43",leite
2018,julho,inverno,"1,4614","2,52",leite
2018,agosto,inverno,"1,4086","2,41",leite
2018,setembro,inverno,"1,3803","2,32",leite
2018,outubro,primavera,"1,2932","2,17",leite
2018,novembro,primavera,"1,1462","1,94",leite
2018,dezembro,primavera,"1,1884","2,03",leite
2019,janeiro,verão,"1,309","2,23",leite
2019,fevereiro,verão,"1,386","2,33",leite
2019,março,verão,"1,4284","2,38",leite
2019,abril,outono,"1,4549","2,4",leite
2019,maio,outono,"1,4964","2,46",leite
2019,junho,outono,"1,3166","2,15",leite
2019,julho,inverno,"1,2796","2,09",leite
2019,agosto,inverno,"1,2608","2,07",leite
2019,setembro,inverno,"1,2673","2,07",leite
2019,outubro,primavera,"1,261","2,05",leite
2019,novembro,primavera,"1,2592","2,03",leite
2019,dezembro,primavera,"1,3081","2,07",leite
2020,janeiro,verão,"1,3246","2,09",leite
2020,fevereiro,verão,"1,3023","2,06",leite
2020,março,verão,"1,374","2,14",leite
2020,abril,outono,"1,3555","2,11",leite
2020,maio,outono,"1,4807","2,28",leite
2020,junho,outono,"1,7132","2,59",leite
2020,julho,inverno,"1,8545","2,74",leite
2020,agosto,inverno,"1,9996","2,85",leite
2020,setembro,inverno,"2,0808","2,87",leite
2020,outubro,primavera,"1,9947","2,65",leite
2020,novembro,primavera,"2,0826","2,7",leite
2020,dezembro,primavera,"2,0084","2,58",leite
2021,janeiro,verão,"1,9759","2,47",leite
2021,fevereiro,verão,"1,8946","2,3",leite
2021,março,verão,"1,9131","2,28",leite
2021,abril,outono,"1,9413","2,26",leite
2021,maio,outono,"2,1485","2,42",leite
2021,junho,outono,"2,2296","2,51",leite
2021,julho,inverno,"2,2503","2,5",leite
2021,agosto,inverno,"2,2554","2,5",leite
2021,setembro,inverno,"2,1726","2,43",leite
2021,outubro,primavera,"2,0376","2,24",leite
2021,novembro,primavera,"1,9508","2,16",leite
2021,dezembro,primavera,"1,9151","2,09",leite
2022,janeiro,verão,"1,9992","2,14",leite
2022,fevereiro,verão,"2,0796","2,19",leite
2022,março,verão,"2,2613","2,33",leite
2022,abril,outono,"2,4057","2,47",leite
2022,maio,outono,"2,5988","2,65",leite
2022,junho,outono,"2,9442","2,98",leite
2022,julho,inverno,"3,4","3,46",leite
2022,agosto,inverno,"2,8154","2,88",leite
2022,setembro,inverno,"2,5638","2,65",leite
2022,outubro,primavera,"2,5081","2,61",leite
2022,novembro,primavera,"2,4512","2,56",leite
2022,dezembro,primavera,"2,4533","2,55",leite
2023,janeiro,verão,"2,5645","2,66",leite
2023,fevereiro,verão,"2,6098","2,71",leite
2023,março,verão,"2,7153","2,83",leite
2023,abril,outono,"2,8175","2,97",leite
2023,maio,outono,"2,592","2,79",leite
2023,junho,outono,"2,3592","2,58",leite
2023,julho,inverno,"2,1883","2,4",leite
2023,agosto,inverno,"2,0409","2,24",leite
2023,setembro,inverno,"1,9287","2,11",leite
2023,outubro,primavera,"1,9246","2,09",leite
2023,novembro,primavera,"2,0258","2,19",leite
2023,dezembro,primavera,"2,0557","2,21",leite
2024,janeiro,verão,"2,1244","2,29",leite
2024,fevereiro,verão,"2,2421","2,43",leite
2024,março,verão,"2,3443","2,55",leite
2024,abril,outono,"2,4463","2,64",leite
2024,maio,outono,"2,6517","2,83",leite
2024,junho,outono,"2,6747","2,84",leite
2024,julho,inverno,"2,6193","2,76",leite
2024,agosto,inverno,"2,6587","2,8",leite
2024,setembro,inverno,"2,718","2,83",leite
2024,outubro,primavera,"2,6735","2,75",leite
2024,novembro,primavera,"2,5433","2,58",leite
2024,dezembro,primavera,"2,5305","2,55",leite
2025,janeiro,verão,"2,5954","2,61",leite
2025,fevereiro,verão,"2,6833","2,67",leite
2025,março,verão,"2,7168","2,72",leite
2005,janeiro,verão,"320,91","1163,14",trigo
2005,fevereiro,verão,"320,1","1155,6",trigo
2005,março,verão,"353,41","1263,53",trigo
2005,abril,outono,"391,44","1392,03",trigo
2005,maio,outono,"361,27","1288,41",trigo
2005,junho,outono,"335,26","1200,79",trigo
2005,julho,inverno,"341,45","1227,8",trigo
2005,agosto,inverno,"343,96","1246,68",trigo
2005,setembro,inverno,"337,88","1226,42",trigo
2005,outubro,primavera,"330,61","1192,25",trigo
2005,novembro,primavera,"324,08","1164,92",trigo
2005,dezembro,primavera,"333,81","1199,03",trigo
2006,janeiro,verão,"336,42","1199,79",trigo
2006,fevereiro,verão,"340,49","1215,17",trigo
2006,março,verão,"338,77","1214,66",trigo
2006,abril,outono,"325,15","1165,41",trigo
2006,maio,outono,"326,88","1167,43",trigo
2006,junho,outono,"339,41","1204,01",trigo
2006,julho,inverno,"345,27","1222,63",trigo
2006,agosto,inverno,"358,98","1266,24",trigo
2006,setembro,inverno,"380,69","1339,51",trigo
2006,outubro,primavera,"456,22","1592,39",trigo
2006,novembro,primavera,"470,13","1631,26",trigo
2006,dezembro,primavera,"441,25","1527,35",trigo
2007,janeiro,verão,"448,51","1546,05",trigo
2007,fevereiro,verão,"436,3","1500,34",trigo
2007,março,verão,"435,78","1494,96",trigo
2007,abril,outono,"438,89","1504,08",trigo
2007,maio,outono,"448,02","1532,74",trigo
2007,junho,outono,"453,54","1547,39",trigo
2007,julho,inverno,"481,01","1634,98",trigo
2007,agosto,inverno,"503,19","1686,86",trigo
2007,setembro,inverno,"529,45","1754,89",trigo
2007,outubro,primavera,"513,69","1689,77",trigo
2007,novembro,primavera,"451,17","1468,65",trigo
2007,dezembro,primavera,"450,11","1444,05",trigo
2008,janeiro,verão,"465,75","1479,51",trigo
2008,fevereiro,verão,"495,15","1566,93",trigo
2008,março,verão,"579,87","1822,34",trigo
2008,abril,outono,"605,58","1882,44",trigo
2008,maio,outono,"614,62","1874,98",trigo
2008,junho,outono,"597,16","1787,9",trigo
2008,julho,inverno,"576,42","1706,9",trigo
2008,agosto,inverno,"495,77","1473,75",trigo
2008,setembro,inverno,"461,56","1366,78",trigo
2008,outubro,primavera,"449,29","1316,41",trigo
2008,novembro,primavera,"416,96","1220,61",trigo
2008,dezembro,primavera,"402,99","1184,92",trigo
2009,janeiro,verão,"424,99","1249,6",trigo
2009,fevereiro,verão,"453,32","1334,47",trigo
2009,março,verão,"440,15","1306,86",trigo
2009,abril,outono,"432,62","1283,74",trigo
2009,maio,outono,"439,59","1302,1",trigo
2009,junho,outono,"440,34","1308,59",trigo
2009,julho,inverno,"419,55","1254,64",trigo
2009,agosto,inverno,"396,06","1183,33",trigo
2009,setembro,inverno,"393,45","1172,73",trigo
2009,outubro,primavera,"395,41","1179,27",trigo
2009,novembro,primavera,"404,63","1205,69",trigo
2009,dezembro,primavera,"403,55","1203,91",trigo
2010,janeiro,verão,"399,53","1179,95",trigo
2010,fevereiro,verão,"401,46","1172,83",trigo
2010,março,verão,"399,42","1159,42",trigo
2010,abril,outono,"393,94","1135,6",trigo
2010,maio,outono,"390,71","1108,71",trigo
2010,junho,outono,"386,24","1092,31",trigo
2010,julho,inverno,"387,54","1093,82",trigo
2010,agosto,inverno,"404,29","1128,67",trigo
2010,setembro,inverno,"417,96","1153,95",trigo
2010,outubro,primavera,"412,73","1127,99",trigo
2010,novembro,primavera,"402,96","1084,1",trigo
2010,dezembro,primavera,"409,07","1096,41",trigo
2011,janeiro,verão,"420,78","1117,02",trigo
2011,fevereiro,verão,"450,96","1185,8",trigo
2011,março,verão,"462,53","1208,6",trigo
2011,abril,outono,"461,98","1201,2",trigo
2011,maio,outono,"457,58","1189,76",trigo
2011,junho,outono,"465,41","1211,69",trigo
2011,julho,inverno,"458,63","1194,66",trigo
2011,agosto,inverno,"451,15","1168,18",trigo
2011,setembro,inverno,"449,15","1154,33",trigo
2011,outubro,primavera,"438,89","1123,34",trigo
2011,novembro,primavera,"422,64","1077,06",trigo
2011,dezembro,primavera,"400,28","1021,9",trigo
2012,janeiro,verão,"399,69","1017,28",trigo
2012,fevereiro,verão,"417,54","1061,9",trigo
2012,março,verão,"427,89","1082,17",trigo
2012,abril,outono,"440,46","1102,8",trigo
2012,maio,outono,"453,31","1124,84",trigo
2012,junho,outono,"458,03","1128,71",trigo
2012,julho,inverno,"494,42","1200,34",trigo
2012,agosto,inverno,"536,74","1286,22",trigo
2012,setembro,inverno,"560,82","1332,43",trigo
2012,outubro,primavera,"572,99","1365,56",trigo
2012,novembro,primavera,"588,17","1398,07",trigo
2012,dezembro,primavera,"634,87","1499,46",trigo
2013,janeiro,verão,"658,54","1550,6",trigo
2013,fevereiro,verão,"626,65","1472,39",trigo
2013,março,verão,"615,32","1441,37",trigo
2013,abril,outono,"600,7","1408,11",trigo
2013,maio,outono,"612,59","1431,29",trigo
2013,junho,outono,"643,83","1492,77",trigo
2013,julho,inverno,"752,54","1742,39",trigo
2013,agosto,inverno,"828,68","1909,84",trigo
2013,setembro,inverno,"841,66","1913,73",trigo
2013,outubro,primavera,"779,6","1761,81",trigo
2013,novembro,primavera,"641,68","1445,88",trigo
2013,dezembro,primavera,"607,99","1360,77",trigo
2014,janeiro,verão,"588,62","1312,13",trigo
2014,fevereiro,verão,"570,36","1260,74",trigo
2014,março,verão,"624,43","1360,12",trigo
2014,abril,outono,"675,64","1464,96",trigo
2014,maio,outono,"652,9","1422,13",trigo
2014,junho,outono,"600,46","1316,22",trigo
2014,julho,inverno,"539,6","1189,33",trigo
2014,agosto,inverno,"497,1","1094,93",trigo
2014,setembro,inverno,"462,15","1017,95",trigo
2014,outubro,primavera,"460,71","1008,78",trigo
2014,novembro,primavera,"489,74","1060,27",trigo
2014,dezembro,primavera,"484,16","1044,12",trigo
2015,janeiro,verão,"505,16","1082,18",trigo
2015,fevereiro,verão,"504,53","1075,07",trigo
2015,março,verão,"511,65","1077,16",trigo
2015,abril,outono,"565,08","1178,72",trigo
2015,maio,outono,"581,48","1208,14",trigo
2015,junho,outono,"586,68","1210,65",trigo
2015,julho,inverno,"565,51","1160,26",trigo
2015,agosto,inverno,"578,68","1182,43",trigo
2015,setembro,inverno,"603,83","1216,66",trigo
2015,outubro,primavera,"623,66","1234,97",trigo
2015,novembro,primavera,"629,61","1231,87",trigo
2015,dezembro,primavera,"644,24","1255,09",trigo
2016,janeiro,verão,"630,8","1210,28",trigo
2016,fevereiro,verão,"624,43","1188,71",trigo
2016,março,verão,"651,68","1235,18",trigo
2016,abril,outono,"674,28","1273,43",trigo
2016,maio,outono,"727,53","1358,6",trigo
2016,junho,outono,"829,27","1523,83",trigo
2016,julho,inverno,"817,05","1507,19",trigo
2016,agosto,inverno,"820,07","1506,1",trigo
2016,setembro,inverno,"742,64","1363,39",trigo
2016,outubro,primavera,"627,74","1150,97",trigo
2016,novembro,primavera,"540,12","989,77",trigo
2016,dezembro,primavera,"522,14",949,trigo
2017,janeiro,verão,"505,68","915,09",trigo
2017,fevereiro,verão,"512,72","927,33",trigo
2017,março,verão,"514,26","933,66",trigo
2017,abril,outono,"520,14","956,14",trigo
2017,maio,outono,"533,83","986,38",trigo
2017,junho,outono,"585,65","1092,63",trigo
2017,julho,inverno,"630,38","1179,6",trigo
2017,agosto,inverno,"652,41","1217,86",trigo
2017,setembro,inverno,"595,36","1104,56",trigo
2017,outubro,primavera,"566,2","1049,49",trigo
2017,novembro,primavera,"570,48","1048,87",trigo
2017,dezembro,primavera,"583,52","1065,01",trigo
2018,janeiro,verão,"577,59","1048,07",trigo
2018,fevereiro,verão,"576,75","1045,03",trigo
2018,março,verão,"608,76","1096,86",trigo
2018,abril,outono,"695,76","1241,99",trigo
2018,maio,outono,"814,57","1430,83",trigo
2018,junho,outono,"929,68",1609,trigo
2018,julho,inverno,"905,98","1561,23",trigo
2018,agosto,inverno,"898,15","1537,14",trigo
2018,setembro,inverno,"903,58","1519,39",trigo
2018,outubro,primavera,"829,47","1391,03",trigo
2018,novembro,primavera,"742,6","1259,71",trigo
2018,dezembro,primavera,"777,19","1324,45",trigo
2019,janeiro,verão,"795,16","1354,16",trigo
2019,fevereiro,verão,"797,46","1341,17",trigo
2019,março,verão,"818,47","1362,07",trigo
2019,abril,outono,"804,34","1326,42",trigo
2019,maio,outono,"804,28","1321,09",trigo
2019,junho,outono,"794,21","1296,46",trigo
2019,julho,inverno,"807,82","1318,67",trigo
2019,agosto,inverno,826,"1355,21",trigo
2019,setembro,inverno,"851,26","1389,81",trigo
2019,outubro,primavera,"746,23","1211,61",trigo
2019,novembro,primavera,"709,98","1143,1",trigo
2019,dezembro,primavera,"769,54","1217,63",trigo
2020,janeiro,verão,"804,67",1272,trigo
2020,fevereiro,verão,"845,42","1336,42",trigo
2020,março,verão,"897,85","1396,35",trigo
2020,abril,outono,"1.017,17","1580,93",trigo
2020,maio,outono,"1.123,91","1728,56",trigo
2020,junho,outono,"1.191,87","1803,95",trigo
2020,julho,inverno,"1.201,26","1776,75",trigo
2020,agosto,inverno,"1.235,01","1758,52",trigo
2020,setembro,inverno,"1.198,40","1651,83",trigo
2020,outubro,primavera,"1.216,81","1617,67",trigo
2020,novembro,primavera,"1.410,77","1827,42",trigo
2020,dezembro,primavera,"1.290,48","1659,14",trigo
2021,janeiro,verão,"1.349,83","1686,23",trigo
2021,fevereiro,verão,"1.445,57","1758,39",trigo
2021,março,verão,"1.453,40","1730,24",trigo
2021,abril,outono,"1.496,13","1742,52",trigo
2021,maio,outono,"1.584,05","1784,24",trigo
2021,junho,outono,"1.509,71","1698,59",trigo
2021,julho,inverno,"1.482,27","1644,04",trigo
2021,agosto,inverno,"1.530,69","1700,01",trigo
2021,setembro,inverno,"1.490,89","1664,87",trigo
2021,outubro,primavera,"1.474,39","1620,56",trigo
2021,novembro,primavera,"1.497,45","1655,56",trigo
2021,dezembro,primavera,"1.554,44","1697,36",trigo
2022,janeiro,verão,"1.594,00","1706,27",trigo
2022,fevereiro,verão,"1.603,62","1691,05",trigo
2022,março,verão,"1.825,97","1881,09",trigo
2022,abril,outono,"1.818,96","1865,98",trigo
2022,maio,outono,"2.002,76","2040,51",trigo
2022,junho,outono,"2.147,24","2174,2",trigo
2022,julho,inverno,"2.173,95","2209,52",trigo
2022,agosto,inverno,"1.941,58","1984,24",trigo
2022,setembro,inverno,"1.746,40","1806,75",trigo
2022,outubro,primavera,"1.711,78","1781,99",trigo
2022,novembro,primavera,"1.611,10","1680,15",trigo
2022,dezembro,primavera,"1.552,61","1614,11",trigo
2023,janeiro,verão,"1.484,43","1542,43",trigo
2023,fevereiro,verão,"1.464,73","1521,48",trigo
2023,março,verão,"1.456,54","1518,02",trigo
2023,abril,outono,"1.416,02","1491,02",trigo
2023,maio,outono,"1.294,86","1395,92",trigo
2023,junho,outono,"1.260,57","1379,03",trigo
2023,julho,inverno,"1.312,16","1441,3",trigo
2023,agosto,inverno,"1.282,88","1408,37",trigo
2023,setembro,inverno,"1.150,70","1257,73",trigo
2023,outubro,primavera,"1.080,50","1174,97",trigo
2023,novembro,primavera,"1.204,65","1303,45",trigo
2023,dezembro,primavera,"1.226,52","1318,56",trigo
2024,janeiro,verão,"1.228,17","1323,89",trigo
2024,fevereiro,verão,"1.189,13","1287,08",trigo
2024,março,verão,"1.173,65","1274,18",trigo
2024,abril,outono,"1.198,59",1292,trigo
2024,maio,outono,"1.282,65","1370,65",trigo
2024,junho,outono,"1.422,08","1512,05",trigo
2024,julho,inverno,"1.465,10","1544,98",trigo
2024,agosto,inverno,"1.429,85","1506,06",trigo
2024,setembro,inverno,"1.363,92","1422,08",trigo
2024,outubro,primavera,"1.279,45","1313,74",trigo
2024,novembro,primavera,"1.265,61","1284,36",trigo
2024,dezembro,primavera,"1.252,77","1260,33",trigo
2025,janeiro,verão,"1.270,02","1276,27",trigo
2025,fevereiro,verão,"1.324,57","1317,98",trigo
2025,março,verão,"1.398,39","1398,39",trigo
2005,Junho,outono,"20,41","73,1",arroz
2005,Julho,inverno,"20,16","72,49",arroz
2005,Agosto,inverno,"17,95","65,06",arroz
2005,Setembro,inverno,"16,93","61,45",arroz
2005,Outubro,primavera,"17,14","61,81",arroz
2005,Novembro,primavera,"19,51","70,13",arroz
2005,Dezembro,primavera,"20,99","75,4",arroz
2006,Janeiro,verão,"20,75",74,arroz
2006,Fevereiro,verão,"18,58","66,31",arroz
2006,Março,verão,"17,46","62,6",arroz
2006,Abril,outono,"16,71","59,89",arroz
2006,Maio,outono,"16,44","58,71",arroz
2006,Junho,outono,"19,75","70,06",arroz
2006,Julho,inverno,"20,5","72,59",arroz
2006,Agosto,inverno,"20,16","71,11",arroz
2006,Setembro,inverno,"20,31","71,46",arroz
2006,Outubro,primavera,"23,29","81,29",arroz
2006,Novembro,primavera,"25,04","86,88",arroz
2006,Dezembro,primavera,"23,18","80,24",arroz
2007,Janeiro,verão,"21,06","72,6",arroz
2007,Fevereiro,verão,"18,61",64,arroz
2007,Março,verão,"20,51","70,36",arroz
2007,Abril,outono,"20,74","71,08",arroz
2007,Maio,outono,"20,53","70,24",arroz
2007,Junho,outono,"20,8","70,97",arroz
2007,Julho,inverno,"21,5","73,08",arroz
2007,Agosto,inverno,"23,52","78,85",arroz
2007,Setembro,inverno,"24,03","79,65",arroz
2007,Outubro,primavera,"23,22","76,38",arroz
2007,Novembro,primavera,"22,09","71,91",arroz
2007,Dezembro,primavera,"22,83","73,24",arroz
2008,Janeiro,verão,"25,23","80,15",arroz
2008,Fevereiro,verão,"24,69","78,13",arroz
2008,Março,verão,"22,68","71,28",arroz
2008,Abril,outono,"28,76","89,4",arroz
2008,Maio,outono,"34,72","105,92",arroz
2008,Junho,outono,"33,17","99,31",arroz
2008,Julho,inverno,"33,19","98,28",arroz
2008,Agosto,inverno,"33,28","98,93",arroz
2008,Setembro,inverno,"34,8","103,05",arroz
2008,Outubro,primavera,"35,95","105,33",arroz
2008,Novembro,primavera,"32,98","96,55",arroz
2008,Dezembro,primavera,"31,83","93,59",arroz
2009,Janeiro,verão,"32,22","94,74",arroz
2009,Fevereiro,verão,"31,23","91,93",arroz
2009,Março,verão,"28,6","84,92",arroz
2009,Abril,outono,"27,59","81,87",arroz
2009,Maio,outono,"26,27","77,81",arroz
2009,Junho,outono,"25,61","76,11",arroz
2009,Julho,inverno,"27,88","83,37",arroz
2009,Agosto,inverno,"27,02","80,73",arroz
2009,Setembro,inverno,"27,89","83,13",arroz
2009,Outubro,primavera,"27,71","82,64",arroz
2009,Novembro,primavera,"26,62","79,32",arroz
2009,Dezembro,primavera,"28,25","84,28",arroz
2010,Janeiro,verão,"32,03","94,6",arroz
2010,Fevereiro,verão,"30,41","88,84",arroz
2010,Março,verão,"27,37","79,45",arroz
2010,Abril,outono,"28,03","80,8",arroz
2010,Maio,outono,"28,15","79,88",arroz
2010,Junho,outono,"26,72","75,57",arroz
2010,Julho,inverno,"26,92","75,98",arroz
2010,Agosto,inverno,"27,4","76,49",arroz
2010,Setembro,inverno,"26,52","73,22",arroz
2010,Outubro,primavera,"25,67","70,16",arroz
2010,Novembro,primavera,"25,62","68,93",arroz
2010,Dezembro,primavera,"24,76","66,36",arroz
2011,Janeiro,verão,"22,63","60,07",arroz
2011,Fevereiro,verão,"22,27","58,56",arroz
2011,Março,verão,"21,29","55,63",arroz
2011,Abril,outono,"19,33","50,26",arroz
2011,Maio,outono,"19,08","49,61",arroz
2011,Junho,outono,"19,53","50,85",arroz
2011,Julho,inverno,"21,8","56,79",arroz
2011,Agosto,inverno,"23,58","61,06",arroz
2011,Setembro,inverno,"23,21","59,65",arroz
2011,Outubro,primavera,"24,36","62,35",arroz
2011,Novembro,primavera,"25,57","65,16",arroz
2011,Dezembro,primavera,"25,6","65,36",arroz
2012,Janeiro,verão,"26,31","66,96",arroz
2012,Fevereiro,verão,"27,17","69,1",arroz
2012,Março,verão,"25,91","65,53",arroz
2012,Abril,outono,"27,02","67,65",arroz
2012,Maio,outono,"28,15","69,85",arroz
2012,Junho,outono,"28,7","70,72",arroz
2012,Julho,inverno,"29,44","71,47",arroz
2012,Agosto,inverno,"33,05","79,2",arroz
2012,Setembro,inverno,"37,93","90,12",arroz
2012,Outubro,primavera,"38,95","92,83",arroz
2012,Novembro,primavera,"38,32","91,09",arroz
2012,Dezembro,primavera,"36,35","85,85",arroz
2013,Janeiro,verão,"34,5","81,23",arroz
2013,Fevereiro,verão,"33,79","79,39",arroz
2013,Março,verão,"31,71","74,28",arroz
2013,Abril,outono,"31,3","73,37",arroz
2013,Maio,outono,"33,38","77,99",arroz
2013,Junho,outono,"33,84","78,46",arroz
2013,Julho,inverno,"34,46","79,79",arroz
2013,Agosto,inverno,"34,64","79,83",arroz
2013,Setembro,inverno,"34,21","77,79",arroz
2013,Outubro,primavera,"33,73","76,23",arroz
2013,Novembro,primavera,"34,11","76,86",arroz
2013,Dezembro,primavera,"36,01","80,6",arroz
2014,Janeiro,verão,"36,61","81,61",arroz
2014,Fevereiro,verão,"35,65","78,8",arroz
2014,Março,verão,"33,83","73,69",arroz
2014,Abril,outono,"35,02","75,93",arroz
2014,Maio,outono,"36,37","79,22",arroz
2014,Junho,outono,"36,61","80,25",arroz
2014,Julho,inverno,"35,96","79,26",arroz
2014,Agosto,inverno,"36,22","79,78",arroz
2014,Setembro,inverno,"36,8","81,06",arroz
2014,Outubro,primavera,"36,74","80,45",arroz
2014,Novembro,primavera,"37,3","80,75",arroz
2014,Dezembro,primavera,"37,99","81,93",arroz
2015,Janeiro,verão,"38,16","81,75",arroz
2015,Fevereiro,verão,"37,41","79,71",arroz
2015,Março,verão,"35,8","75,37",arroz
2015,Abril,outono,"35,78","74,63",arroz
2015,Maio,outono,"34,91","72,53",arroz
2015,Junho,outono,"33,58","69,29",arroz
2015,Julho,inverno,"33,69","69,12",arroz
2015,Agosto,inverno,"34,67","70,84",arroz
2015,Setembro,inverno,"37,72",76,arroz
2015,Outubro,primavera,"40,49","80,18",arroz
2015,Novembro,primavera,"41,18","80,57",arroz
2015,Dezembro,primavera,"41,01","79,89",arroz
2016,Janeiro,verão,"41,52","79,66",arroz
2016,Fevereiro,verão,"41,94","79,84",arroz
2016,Março,verão,"40,31","76,4",arroz
2016,Abril,outono,"39,8","75,17",arroz
2016,Maio,outono,"41,77",78,arroz
2016,Junho,outono,"46,49","85,43",arroz
2016,Julho,inverno,"50,48","93,12",arroz
2016,Agosto,inverno,"50,5","92,75",arroz
2016,Setembro,inverno,"50,06","91,9",arroz
2016,Outubro,primavera,"49,47","90,7",arroz
2016,Novembro,primavera,"49,04","89,87",arroz
2016,Dezembro,primavera,"49,16","89,35",arroz
2017,Janeiro,verão,"49,64","89,83",arroz
2017,Fevereiro,verão,"49,02","88,66",arroz
2017,Março,verão,"42,26","76,72",arroz
2017,Abril,outono,"39,02","71,73",arroz
2017,Maio,outono,"38,99","72,04",arroz
2017,Junho,outono,"39,75","74,16",arroz
2017,Julho,inverno,"40,23","75,28",arroz
2017,Agosto,inverno,"39,65","74,02",arroz
2017,Setembro,inverno,"37,35","69,29",arroz
2017,Outubro,primavera,"36,42","67,51",arroz
2017,Novembro,primavera,"37,27","68,52",arroz
2017,Dezembro,primavera,"37,35","68,17",arroz
2018,Janeiro,verão,"36,76","66,7",arroz
2018,Fevereiro,verão,"35,43","64,2",arroz
2018,Março,verão,"35,06","63,17",arroz
2018,Abril,outono,"35,75","63,82",arroz
2018,Maio,outono,"36,81","64,66",arroz
2018,Junho,outono,"38,99","67,48",arroz
2018,Julho,inverno,"42,02","72,41",arroz
2018,Agosto,inverno,"44,16","75,58",arroz
2018,Setembro,inverno,"45,53","76,56",arroz
2018,Outubro,primavera,"44,74","75,03",arroz
2018,Novembro,primavera,"41,76","70,84",arroz
2018,Dezembro,primavera,"40,15","68,42",arroz
2019,Janeiro,verão,"40,17","68,41",arroz
2019,Fevereiro,verão,"39,94","67,17",arroz
2019,Março,verão,"39,31","65,42",arroz
2019,Abril,outono,"41,78","68,9",arroz
2019,Maio,outono,"44,22","72,63",arroz
2019,Junho,outono,"43,98","71,79",arroz
2019,Julho,inverno,"43,08","70,32",arroz
2019,Agosto,inverno,"43,75","71,78",arroz
2019,Setembro,inverno,"45,4","74,12",arroz
2019,Outubro,primavera,"45,93","74,57",arroz
2019,Novembro,primavera,"46,6","75,03",arroz
2019,Dezembro,primavera,"47,9","75,79",arroz
2020,Janeiro,verão,"49,6","78,41",arroz
2020,Fevereiro,verão,"50,52","79,86",arroz
2020,Março,verão,"49,81","77,47",arroz
2020,Abril,outono,"54,74","85,08",arroz
2020,Maio,outono,"60,72","93,39",arroz
2020,Junho,outono,"61,92","93,72",arroz
2020,Julho,inverno,"64,67","95,65",arroz
2020,Agosto,inverno,"78,94","112,4",arroz
2020,Setembro,inverno,"104,39","143,89",arroz
2020,Outubro,primavera,"105,38","140,1",arroz
2020,Novembro,primavera,"103,98","134,69",arroz
2020,Dezembro,primavera,"96,85","124,52",arroz
2021,Janeiro,verão,"90,47","113,02",arroz
2021,Fevereiro,verão,"88,08","107,14",arroz
2021,Março,verão,"86,05","102,44",arroz
2021,Abril,outono,"87,03","101,36",arroz
2021,Maio,outono,"83,25","93,77",arroz
2021,Junho,outono,"73,15","82,3",arroz
2021,Julho,inverno,"71,83","79,67",arroz
2021,Agosto,inverno,"77,19","85,73",arroz
2021,Setembro,inverno,"74,98","83,73",arroz
2021,Outubro,primavera,"72,26","79,42",arroz
2021,Novembro,primavera,"65,17","72,05",arroz
2021,Dezembro,primavera,"62,47","68,21",arroz
2022,Janeiro,verão,"62,8","67,22",arroz
2022,Fevereiro,verão,"70,62","74,47",arroz
2022,Março,verão,"75,71",78,arroz
2022,Abril,outono,"73,52","75,42",arroz
2022,Maio,outono,"70,86","72,2",arroz
2022,Junho,outono,"72,66","73,57",arroz
2022,Julho,inverno,"76,36","77,61",arroz
2022,Agosto,inverno,"76,47","78,15",arroz
2022,Setembro,inverno,"76,3","78,94",arroz
2022,Outubro,primavera,"78,69","81,92",arroz
2022,Novembro,primavera,"82,89","86,44",arroz
2022,Dezembro,primavera,"90,26","93,84",arroz
2023,Janeiro,verão,"91,36","94,93",arroz
2023,Fevereiro,verão,"87,23","90,61",arroz
2023,Março,verão,"85,75","89,37",arroz
2023,Abril,outono,"87,99","92,65",arroz
2023,Maio,outono,"85,13","91,77",arroz
2023,Junho,outono,"81,92","89,62",arroz
2023,Julho,inverno,"84,17","92,45",arroz
2023,Agosto,inverno,"93,3","102,43",arroz
2023,Setembro,inverno,"100,9","110,29",arroz
2023,Outubro,primavera,"104,12","113,22",arroz
2023,Novembro,primavera,"113,87","123,21",arroz
2023,Dezembro,primavera,"127,36","136,92",arroz
2024,Janeiro,verão,"127,24","137,16",arroz
2024,Fevereiro,verão,"112,79","122,08",arroz
2024,Março,verão,"100,42","109,02",arroz
2024,Abril,outono,"101,91","109,85",arroz
2024,Maio,outono,"114,34","122,18",arroz
2024,Junho,outono,"114,56","121,81",arroz
2024,Julho,inverno,"115,05","121,32",arroz
2024,Agosto,inverno,"117,57","123,84",arroz
2024,Setembro,inverno,"118,82","123,89",arroz
2024,Outubro,primavera,"119,29","122,49",arroz
2024,Novembro,primavera,"111,66","113,31",arroz
2024,Dezembro,primavera,"99,9","100,5",arroz
2025,Janeiro,verão,"99,72","100,21",arroz
2025,Fevereiro,verão,"95,7","95,22",arroz
2025,Março,verão,"82,16","82,16",arroz
2005,janeiro,verão,"32,84","119,03",soja
2005,fevereiro,verão,"29,53","106,61",soja
2005,março,verão,"35,12","125,56",soja
2005,abril,outono,"32,88","116,93",soja
2005,maio,outono,"31,47","112,23",soja
2005,junho,outono,"33,08","118,48",soja
2005,julho,inverno,"32,87","118,19",soja
2005,agosto,inverno,"31,62","114,61",soja
2005,setembro,inverno,"29,75","107,99",soja
2005,outubro,primavera,"28,9","104,22",soja
2005,novembro,primavera,"28,17","101,26",soja
2005,dezembro,primavera,"29,66","106,54",soja
2006,janeiro,verão,"29,25","104,32",soja
2006,fevereiro,verão,"27,53","98,25",soja
2006,março,verão,"25,7","92,15",soja
2006,abril,outono,"24,91","89,28",soja
2006,maio,outono,"26,46","94,5",soja
2006,junho,outono,"27,59","97,87",soja
2006,julho,inverno,"27,73","98,19",soja
2006,agosto,inverno,"27,3","96,3",soja
2006,setembro,inverno,"28,11","98,91",soja
2006,outubro,primavera,"30,54","106,6",soja
2006,novembro,primavera,"33,06","114,71",soja
2006,dezembro,primavera,"31,93","110,52",soja
2007,janeiro,verão,32,"110,31",soja
2007,fevereiro,verão,"32,58","112,04",soja
2007,março,verão,"31,8","109,09",soja
2007,abril,outono,"30,01","102,84",soja
2007,maio,outono,"30,08","102,91",soja
2007,junho,outono,"30,71","104,78",soja
2007,julho,inverno,"31,34","106,53",soja
2007,agosto,inverno,"34,56","115,86",soja
2007,setembro,inverno,"38,67","128,17",soja
2007,outubro,primavera,"39,91","131,28",soja
2007,novembro,primavera,"42,07","136,95",soja
2007,dezembro,primavera,"43,98","141,1",soja
2008,janeiro,verão,"46,23","146,86",soja
2008,fevereiro,verão,"47,71","150,98",soja
2008,março,verão,"45,83","144,03",soja
2008,abril,outono,"44,33","137,8",soja
2008,maio,outono,"44,7","136,36",soja
2008,junho,outono,"49,99","149,67",soja
2008,julho,inverno,"50,58","149,78",soja
2008,agosto,inverno,"44,7","132,88",soja
2008,setembro,inverno,"46,08","136,45",soja
2008,outubro,primavera,"44,63","130,76",soja
2008,novembro,primavera,"45,13","132,11",soja
2008,dezembro,primavera,"44,61","131,17",soja
2009,janeiro,verão,"49,21","144,69",soja
2009,fevereiro,verão,"47,56","140,01",soja
2009,março,verão,"45,35","134,65",soja
2009,abril,outono,"47,95","142,28",soja
2009,maio,outono,"50,39","149,26",soja
2009,junho,outono,"49,89","148,26",soja
2009,julho,inverno,"47,83","143,03",soja
2009,agosto,inverno,"48,2","144,01",soja
2009,setembro,inverno,"46,07","137,32",soja
2009,outubro,primavera,"44,67","133,22",soja
2009,novembro,primavera,"44,06","131,29",soja
2009,dezembro,primavera,"42,87","127,89",soja
2010,janeiro,verão,"39,8","117,54",soja
2010,fevereiro,verão,"35,73","104,38",soja
2010,março,verão,"34,14","99,1",soja
2010,abril,outono,"34,49","99,42",soja
2010,maio,outono,"35,59","100,99",soja
2010,junho,outono,"36,16","102,26",soja
2010,julho,inverno,"38,58","108,89",soja
2010,agosto,inverno,"41,32","115,35",soja
2010,setembro,inverno,"42,59","117,59",soja
2010,outubro,primavera,"44,88","122,66",soja
2010,novembro,primavera,"48,96","131,72",soja
2010,dezembro,primavera,"48,52","130,05",soja
2011,janeiro,verão,"49,63","131,75",soja
2011,fevereiro,verão,"49,28","129,58",soja
2011,março,verão,"46,32","121,03",soja
2011,abril,outono,"44,37","115,37",soja
2011,maio,outono,"44,94","116,85",soja
2011,junho,outono,"45,13","117,5",soja
2011,julho,inverno,"45,77","119,22",soja
2011,agosto,inverno,"46,5","120,4",soja
2011,setembro,inverno,"49,05","126,06",soja
2011,outubro,primavera,"46,21","118,27",soja
2011,novembro,primavera,"45,35","115,57",soja
2011,dezembro,primavera,"45,23","115,47",soja
2012,janeiro,verão,"46,8","119,11",soja
2012,fevereiro,verão,"47,06","119,68",soja
2012,março,verão,"52,23","132,09",soja
2012,abril,outono,"57,57","144,14",soja
2012,maio,outono,"61,11","151,64",soja
2012,junho,outono,"65,22","160,72",soja
2012,julho,inverno,"76,32","185,29",soja
2012,agosto,inverno,"82,01","196,53",soja
2012,setembro,inverno,"82,92","197,01",soja
2012,outubro,primavera,"74,41","177,34",soja
2012,novembro,primavera,"74,6","177,32",soja
2012,dezembro,primavera,"73,25",173,soja
2013,janeiro,verão,"64,62","152,15",soja
2013,fevereiro,verão,"59,93","140,81",soja
2013,março,verão,"57,83","135,46",soja
2013,abril,outono,"55,76","130,71",soja
2013,maio,outono,"58,71","137,17",soja
2013,junho,outono,"65,29","151,38",soja
2013,julho,inverno,"65,26","151,1",soja
2013,agosto,inverno,"66,22","152,62",soja
2013,setembro,inverno,"70,81","161,01",soja
2013,outubro,primavera,"72,43","163,68",soja
2013,novembro,primavera,"74,05","166,85",soja
2013,dezembro,primavera,"74,05","165,73",soja
2014,janeiro,verão,"67,43","150,31",soja
2014,fevereiro,verão,"66,87","147,81",soja
2014,março,verão,"68,78","149,81",soja
2014,abril,outono,"67,89","147,2",soja
2014,maio,outono,"67,81","147,7",soja
2014,junho,outono,"67,54","148,05",soja
2014,julho,inverno,"63,72","140,45",soja
2014,agosto,inverno,"63,45","139,76",soja
2014,setembro,inverno,"58,94","129,82",soja
2014,outubro,primavera,"59,58","130,46",soja
2014,novembro,primavera,"63,01","136,41",soja
2014,dezembro,primavera,"62,42","134,61",soja
2015,janeiro,verão,"59,29","127,01",soja
2015,fevereiro,verão,"60,2","128,28",soja
2015,março,verão,"64,35","135,47",soja
2015,abril,outono,"62,99","131,39",soja
2015,maio,outono,"62,1","129,03",soja
2015,junho,outono,"62,97","129,94",soja
2015,julho,inverno,"67,84","139,19",soja
2015,agosto,inverno,"72,18","147,49",soja
2015,setembro,inverno,"76,62","154,38",soja
2015,outubro,primavera,"78,14","154,73",soja
2015,novembro,primavera,"75,55","147,82",soja
2015,dezembro,primavera,"77,07","150,15",soja
2016,janeiro,verão,"78,46","150,54",soja
2016,fevereiro,verão,"73,32","139,58",soja
2016,março,verão,"69,95","132,58",soja
2016,abril,outono,"73,42","138,66",soja
2016,maio,outono,"82,29","153,67",soja
2016,junho,outono,"90,54","166,37",soja
2016,julho,inverno,"82,84","152,81",soja
2016,agosto,inverno,"77,57","142,46",soja
2016,setembro,inverno,"76,14","139,78",soja
2016,outubro,primavera,"73,93","135,55",soja
2016,novembro,primavera,"74,9","137,25",soja
2016,dezembro,primavera,"74,71","135,79",soja
2017,janeiro,verão,"71,57","129,52",soja
2017,fevereiro,verão,"68,78","124,4",soja
2017,março,verão,"64,92","117,86",soja
2017,abril,outono,"61,16","112,43",soja
2017,maio,outono,"64,06","118,37",soja
2017,junho,outono,"63,59","118,64",soja
2017,julho,inverno,"66,23","123,93",soja
2017,agosto,inverno,"63,86","119,21",soja
2017,setembro,inverno,65,"120,59",soja
2017,outubro,primavera,"66,48","123,23",soja
2017,novembro,primavera,"69,03","126,92",soja
2017,dezembro,primavera,"70,03","127,82",soja
2018,janeiro,verão,"67,42","122,34",soja
2018,fevereiro,verão,"69,43","125,8",soja
2018,março,verão,"73,64","132,68",soja
2018,abril,outono,"79,6","142,09",soja
2018,maio,outono,"80,32","141,09",soja
2018,junho,outono,"78,44","135,76",soja
2018,julho,inverno,"81,97","141,25",soja
2018,agosto,inverno,"83,64","143,15",soja
2018,setembro,inverno,"88,84","149,39",soja
2018,outubro,primavera,"84,18","141,17",soja
2018,novembro,primavera,"78,33","132,88",soja
2018,dezembro,primavera,"75,6","128,83",soja
2019,janeiro,verão,"72,02","122,65",soja
2019,fevereiro,verão,"72,78","122,4",soja
2019,março,verão,"73,02","121,52",soja
2019,abril,outono,"71,78","118,37",soja
2019,maio,outono,"72,91","119,76",soja
2019,junho,outono,"76,26","124,49",soja
2019,julho,inverno,"73,78","120,44",soja
2019,agosto,inverno,"78,74","129,19",soja
2019,setembro,inverno,"80,44","131,33",soja
2019,outubro,primavera,"82,63","134,16",soja
2019,novembro,primavera,"84,28","135,69",soja
2019,dezembro,primavera,"83,31","131,82",soja
2020,janeiro,verão,"82,6","130,57",soja
2020,fevereiro,verão,"81,45","128,75",soja
2020,março,verão,"88,23","137,22",soja
2020,abril,outono,"95,19","147,95",soja
2020,maio,outono,"103,34","158,94",soja
2020,junho,outono,"103,43","156,55",soja
2020,julho,inverno,"109,45","161,88",soja
2020,agosto,inverno,"122,52","174,46",soja
2020,setembro,inverno,"136,72","188,45",soja
2020,outubro,primavera,"158,41","210,6",soja
2020,novembro,primavera,"164,55","213,15",soja
2020,dezembro,primavera,"145,12","186,58",soja
2021,janeiro,verão,"163,9","204,75",soja
2021,fevereiro,verão,"161,56","196,52",soja
2021,março,verão,"164,51","195,85",soja
2021,abril,outono,"170,8","198,93",soja
2021,maio,outono,"171,36","193,02",soja
2021,junho,outono,"157,16","176,82",soja
2021,julho,inverno,"162,65","180,4",soja
2021,agosto,inverno,"168,09","186,68",soja
2021,setembro,inverno,"169,57","189,36",soja
2021,outubro,primavera,"168,22","184,9",soja
2021,novembro,primavera,"162,38","179,52",soja
2021,dezembro,primavera,"166,74","182,07",soja
2022,janeiro,verão,"176,31","188,73",soja
2022,fevereiro,verão,"191,63","202,08",soja
2022,março,verão,"195,85","201,76",soja
2022,abril,outono,"182,2","186,91",soja
2022,maio,outono,"188,96","192,52",soja
2022,junho,outono,"189,82","192,2",soja
2022,julho,inverno,"184,63","187,65",soja
2022,agosto,inverno,"181,86","185,86",soja
2022,setembro,inverno,"181,72",188,soja
2022,outubro,primavera,"179,71","187,08",soja
2022,novembro,primavera,"182,44","190,26",soja
2022,dezembro,primavera,"177,28","184,3",soja
2023,janeiro,verão,"170,87","177,55",soja
2023,fevereiro,verão,"165,56","171,97",soja
2023,março,verão,"155,19","161,74",soja
2023,abril,outono,"139,11","146,48",soja
2023,maio,outono,"131,16","141,4",soja
2023,junho,outono,"128,43","140,5",soja
2023,julho,inverno,"137,38","150,9",soja
2023,agosto,inverno,"139,84","153,52",soja
2023,setembro,inverno,"139,16","152,1",soja
2023,outubro,primavera,"136,91","148,88",soja
2023,novembro,primavera,"138,17","149,5",soja
2023,dezembro,primavera,"139,12","149,56",soja
2024,janeiro,verão,"121,18","130,62",soja
2024,fevereiro,verão,"111,93","121,15",soja
2024,março,verão,"117,28","127,33",soja
2024,abril,outono,"122,66","132,22",soja
2024,maio,outono,"130,96","139,94",soja
2024,junho,outono,"133,98","142,46",soja
2024,julho,inverno,"133,5","140,78",soja
2024,agosto,inverno,"129,24","136,13",soja
2024,setembro,inverno,"136,65","142,48",soja
2024,outubro,primavera,"139,71","143,45",soja
2024,novembro,primavera,"140,47","142,55",soja
2024,dezembro,primavera,"138,38","139,22",soja
2025,janeiro,verão,"129,56","130,2",soja
2025,fevereiro,verão,"126,01","125,38",soja
2025,março,verão,"127,95","127,95",soja
2005,janeiro,verão,"17,82","64,59",milho
2005,fevereiro,verão,"17,47","63,07",milho
2005,março,verão,"20,06","71,72",milho
2005,abril,outono,"19,35","68,81",milho
2005,maio,outono,"19,02","67,83",milho
2005,junho,outono,"19,55","70,02",milho
2005,julho,inverno,"19,26","69,26",milho
2005,agosto,inverno,"18,64","67,56",milho
2005,setembro,inverno,"18,36","66,64",milho
2005,outubro,primavera,"17,78","64,12",milho
2005,novembro,primavera,"16,5","59,31",milho
2005,dezembro,primavera,"16,74","60,13",milho
2006,janeiro,verão,"17,55","62,59",milho
2006,fevereiro,verão,"16,52","58,96",milho
2006,março,verão,"14,62","52,42",milho
2006,abril,outono,"14,44","51,76",milho
2006,maio,outono,"15,25","54,46",milho
2006,junho,outono,"16,47","58,42",milho
2006,julho,inverno,"16,69","59,1",milho
2006,agosto,inverno,"16,86","59,47",milho
2006,setembro,inverno,"17,94","63,12",milho
2006,outubro,primavera,"21,09","73,61",milho
2006,novembro,primavera,"22,93","79,56",milho
2006,dezembro,primavera,"24,96","86,4",milho
2007,janeiro,verão,"25,02","86,25",milho
2007,fevereiro,verão,"22,02","75,72",milho
2007,março,verão,"20,2","69,3",milho
2007,abril,outono,"19,21","65,83",milho
2007,maio,outono,"18,93","64,76",milho
2007,junho,outono,"19,58","66,8",milho
2007,julho,inverno,"18,97","64,48",milho
2007,agosto,inverno,"22,13","74,19",milho
2007,setembro,inverno,"26,95","89,33",milho
2007,outubro,primavera,"27,36",90,milho
2007,novembro,primavera,"31,72","103,26",milho
2007,dezembro,primavera,"33,8","108,44",milho
2008,janeiro,verão,"30,93","98,25",milho
2008,fevereiro,verão,"27,79","87,94",milho
2008,março,verão,"27,19","85,45",milho
2008,abril,outono,"26,62","82,75",milho
2008,maio,outono,"27,43","83,68",milho
2008,junho,outono,"26,88","80,48",milho
2008,julho,inverno,"27,76","82,2",milho
2008,agosto,inverno,"24,56","73,01",milho
2008,setembro,inverno,"23,78","70,42",milho
2008,outubro,primavera,"22,32","65,4",milho
2008,novembro,primavera,"20,51","60,04",milho
2008,dezembro,primavera,"20,75","61,01",milho
2009,janeiro,verão,"23,67","69,6",milho
2009,fevereiro,verão,"22,26","65,53",milho
2009,março,verão,"20,62","61,22",milho
2009,abril,outono,"21,29","63,18",milho
2009,maio,outono,"22,25","65,91",milho
2009,junho,outono,"22,24","66,09",milho
2009,julho,inverno,"20,55","61,45",milho
2009,agosto,inverno,"19,42","58,02",milho
2009,setembro,inverno,"19,12","56,99",milho
2009,outubro,primavera,"20,6","61,44",milho
2009,novembro,primavera,"20,41","60,82",milho
2009,dezembro,primavera,"20,02","59,73",milho
2010,janeiro,verão,"19,66","58,06",milho
2010,fevereiro,verão,"18,35","53,61",milho
2010,março,verão,"18,47","53,61",milho
2010,abril,outono,"18,16","52,35",milho
2010,maio,outono,"18,67","52,98",milho
2010,junho,outono,"19,43","54,95",milho
2010,julho,inverno,"18,84","53,18",milho
2010,agosto,inverno,"20,56","57,4",milho
2010,setembro,inverno,"24,36","67,26",milho
2010,outubro,primavera,"25,15","68,73",milho
2010,novembro,primavera,"28,29","76,11",milho
2010,dezembro,primavera,"28,36","76,01",milho
2011,janeiro,verão,"30,35","80,57",milho
2011,fevereiro,verão,"31,68","83,3",milho
2011,março,verão,"31,44","82,15",milho
2011,abril,outono,"29,94","77,85",milho
2011,maio,outono,"28,69","74,6",milho
2011,junho,outono,"30,75","80,06",milho
2011,julho,inverno,"30,31","78,95",milho
2011,agosto,inverno,"30,2","78,2",milho
2011,setembro,inverno,"31,92","82,04",milho
2011,outubro,primavera,"30,75","78,7",milho
2011,novembro,primavera,"29,81","75,97",milho
2011,dezembro,primavera,"28,18","71,94",milho
2012,janeiro,verão,"31,08","79,1",milho
2012,fevereiro,verão,"28,4","72,23",milho
2012,março,verão,"28,89","73,07",milho
2012,abril,outono,"25,83","64,67",milho
2012,maio,outono,"24,91","61,81",milho
2012,junho,outono,"24,13","59,46",milho
2012,julho,inverno,"29,01","70,43",milho
2012,agosto,inverno,"33,25","79,68",milho
2012,setembro,inverno,"32,23","76,57",milho
2012,outubro,primavera,"31,35","74,71",milho
2012,novembro,primavera,"34,09","81,03",milho
2012,dezembro,primavera,"34,96","82,57",milho
2013,janeiro,verão,"32,75","77,11",milho
2013,fevereiro,verão,"32,34","75,99",milho
2013,março,verão,"30,71","71,94",milho
2013,abril,outono,"26,41","61,91",milho
2013,maio,outono,"26,02","60,79",milho
2013,junho,outono,"26,45","61,33",milho
2013,julho,inverno,25,"57,88",milho
2013,agosto,inverno,"24,04","55,4",milho
2013,setembro,inverno,"25,07",57,milho
2013,outubro,primavera,"24,12","54,51",milho
2013,novembro,primavera,"25,59","57,66",milho
2013,dezembro,primavera,"26,45","59,2",milho
2014,janeiro,verão,"26,83","59,81",milho
2014,fevereiro,verão,"30,62","67,68",milho
2014,março,verão,"32,84","71,53",milho
2014,abril,outono,"31,18","67,61",milho
2014,maio,outono,"28,75","62,62",milho
2014,junho,outono,"26,38","57,83",milho
2014,julho,inverno,"23,66","52,15",milho
2014,agosto,inverno,"22,91","50,46",milho
2014,setembro,inverno,"22,02","48,5",milho
2014,outubro,primavera,"23,62","51,72",milho
2014,novembro,primavera,"27,66","59,88",milho
2014,dezembro,primavera,"27,67","59,67",milho
2015,janeiro,verão,"27,41","58,72",milho
2015,fevereiro,verão,"27,99","59,64",milho
2015,março,verão,"29,44","61,98",milho
2015,abril,outono,"27,61","57,59",milho
2015,maio,outono,"25,34","52,65",milho
2015,junho,outono,"25,03","51,65",milho
2015,julho,inverno,"25,99","53,32",milho
2015,agosto,inverno,"27,4","55,99",milho
2015,setembro,inverno,"31,04","62,54",milho
2015,outubro,primavera,"32,83","65,01",milho
2015,novembro,primavera,"33,57","65,68",milho
2015,dezembro,primavera,"35,33","68,83",milho
2016,janeiro,verão,"41,65","79,91",milho
2016,fevereiro,verão,"42,98","81,82",milho
2016,março,verão,"47,79","90,58",milho
2016,abril,outono,"48,92","92,39",milho
2016,maio,outono,"51,48","96,13",milho
2016,junho,outono,"49,12","90,26",milho
2016,julho,inverno,"44,42","81,94",milho
2016,agosto,inverno,"45,43","83,43",milho
2016,setembro,inverno,"41,91","76,94",milho
2016,outubro,primavera,"42,12","77,23",milho
2016,novembro,primavera,"38,77","71,05",milho
2016,dezembro,primavera,"38,29","69,59",milho
2017,janeiro,verão,"35,92",65,milho
2017,fevereiro,verão,"36,21","65,49",milho
2017,março,verão,"33,77","61,31",milho
2017,abril,outono,"28,32","52,06",milho
2017,maio,outono,"27,76","51,29",milho
2017,junho,outono,"26,75","49,91",milho
2017,julho,inverno,"26,33","49,27",milho
2017,agosto,inverno,"26,67","49,79",milho
2017,setembro,inverno,"29,11","54,01",milho
2017,outubro,primavera,"31,26","57,94",milho
2017,novembro,primavera,"31,75","58,37",milho
2017,dezembro,primavera,"32,38","59,1",milho
2018,janeiro,verão,"32,7","59,34",milho
2018,fevereiro,verão,"34,76","62,98",milho
2018,março,verão,"41,37","74,54",milho
2018,abril,outono,"39,92","71,26",milho
2018,maio,outono,"42,69","74,99",milho
2018,junho,outono,"40,55","70,18",milho
2018,julho,inverno,"37,22","64,14",milho
2018,agosto,inverno,"41,17","70,46",milho
2018,setembro,inverno,"40,31","67,78",milho
2018,outubro,primavera,"36,43","61,09",milho
2018,novembro,primavera,"36,56","62,02",milho
2018,dezembro,primavera,"37,83","64,47",milho
2019,janeiro,verão,"38,91","66,26",milho
2019,fevereiro,verão,"40,89","68,77",milho
2019,março,verão,"39,82","66,27",milho
2019,abril,outono,"36,42","60,06",milho
2019,maio,outono,"34,84","57,23",milho
2019,junho,outono,"38,04","62,1",milho
2019,julho,inverno,"37,1","60,56",milho
2019,agosto,inverno,"36,41","59,74",milho
2019,setembro,inverno,"37,64","61,45",milho
2019,outubro,primavera,"41,51","67,4",milho
2019,novembro,primavera,"44,54","71,71",milho
2019,dezembro,primavera,"48,16","76,2",milho
2020,janeiro,verão,"51,07","80,73",milho
2020,fevereiro,verão,"51,69","81,71",milho
2020,março,verão,"57,41","89,28",milho
2020,abril,outono,"52,92","82,25",milho
2020,maio,outono,"50,12","77,08",milho
2020,junho,outono,"47,76","72,29",milho
2020,julho,inverno,"49,7","73,51",milho
2020,agosto,inverno,"56,62","80,62",milho
2020,setembro,inverno,"60,06","82,78",milho
2020,outubro,primavera,"72,71","96,66",milho
2020,novembro,primavera,"80,31","104,03",milho
2020,dezembro,primavera,"75,33","96,85",milho
2021,janeiro,verão,"83,65","104,5",milho
2021,fevereiro,verão,"83,89","102,04",milho
2021,março,verão,"91,51","108,94",milho
2021,abril,outono,"97,15","113,15",milho
2021,maio,outono,"100,72","113,45",milho
2021,junho,outono,"92,09","103,61",milho
2021,julho,inverno,"97,48","108,12",milho
2021,agosto,inverno,"98,64","109,55",milho
2021,setembro,inverno,"92,44","103,23",milho
2021,outubro,primavera,"89,92","98,83",milho
2021,novembro,primavera,"84,19","93,08",milho
2021,dezembro,primavera,"88,03","96,12",milho
2022,janeiro,verão,"96,04","102,8",milho
2022,fevereiro,verão,"96,85","102,13",milho
2022,março,verão,"99,69","102,7",milho
2022,abril,outono,"88,78","91,08",milho
2022,maio,outono,"87,36","89,01",milho
2022,junho,outono,"85,64","86,72",milho
2022,julho,inverno,"81,98","83,32",milho
2022,agosto,inverno,"82,52","84,33",milho
2022,setembro,inverno,"84,06","86,96",milho
2022,outubro,primavera,"84,53",88,milho
2022,novembro,primavera,"84,99","88,63",milho
2022,dezembro,primavera,"86,01","89,42",milho
2023,janeiro,verão,"86,11","89,47",milho
2023,fevereiro,verão,"85,74","89,06",milho
2023,março,verão,"84,88","88,46",milho
2023,abril,outono,"74,85","78,81",milho
2023,maio,outono,"58,16","62,7",milho
2023,junho,outono,"55,04","60,21",milho
2023,julho,inverno,"54,98","60,39",milho
2023,agosto,inverno,"53,34","58,56",milho
2023,setembro,inverno,"54,63","59,71",milho
2023,outubro,primavera,"59,13","64,3",milho
2023,novembro,primavera,"60,65","65,62",milho
2023,dezembro,primavera,"66,77","71,78",milho
2024,janeiro,verão,"65,83","70,96",milho
2024,fevereiro,verão,"62,58","67,73",milho
2024,março,verão,"62,72","68,09",milho
2024,abril,outono,"59,63","64,28",milho
2024,maio,outono,"58,92","62,96",milho
2024,junho,outono,"57,86","61,52",milho
2024,julho,inverno,"57,22","60,34",milho
2024,agosto,inverno,"59,58","62,76",milho
2024,setembro,inverno,"62,6","65,27",milho
2024,outubro,primavera,"68,79","70,63",milho
2024,novembro,primavera,"73,68","74,77",milho
2024,dezembro,primavera,"72,92","73,36",milho
2025,janeiro,verão,"74,17","74,54",milho
2025,fevereiro,verão,"80,76","80,36",milho
2025,março,verão,"89,12","89,12",milho